p, vizFlashContentWrapper ,src
338,'altimgsrc', 'https://homestuck.com/flash/hs2/00338/00338.gif',
476,'altimgsrc', 'https://homestuck.com/flash/hs2/00476/00476.gif',
501,'altimgsrc', 'https://homestuck.com/flash/hs2/00501/00501.gif',
769,'altimgsrc', 'https://homestuck.com/flash/hs2/00769/00769.gif',
772,'altimgsrc', 'https://homestuck.com/flash/hs2/00772/00772.gif',
3646,'altimgsrc', 'https://homestuck.com/flash/hs2/03643/03643.gif',
3659,'altimgsrc', 'https://homestuck.com/flash/hs2/03656/03656.gif',
3666,'altimgsrc', 'https://homestuck.com/flash/hs2/03663/03663.gif',
3761,'altimgsrc', 'https://homestuck.com/flash/hs2/03758/03758.gif',
3762,'altimgsrc', 'https://homestuck.com/flash/hs2/03759/03759.gif',
3943,'altimgsrc', 'https://homestuck.com/flash/hs2/03940/03940.gif',
4018,'altimgsrc', 'https://homestuck.com/flash/hs2/04015/04015.gif',
4053,'altimgsrc', 'https://homestuck.com/flash/hs2/04050/04050.gif',
5203,'altimgsrc', 'https://homestuck.com/flash/hs2/05200/05200.gif',
5217,'altimgsrc', 'https://homestuck.com/flash/hs2/05214/05214.gif',
5236,'altimgsrc', 'https://homestuck.com/flash/hs2/05233/05233.gif',
5239,'altimgsrc', 'https://homestuck.com/flash/hs2/05236/05236.gif',
5251,'altimgsrc', 'https://homestuck.com/flash/hs2/05248/05248.gif',
5258,'altimgsrc', 'https://homestuck.com/flash/hs2/05255/05255.gif',
5259,'altimgsrc', 'https://homestuck.com/flash/hs2/05256/05256.gif',
5260,'altimgsrc', 'https://homestuck.com/flash/hs2/05257/05257.gif',
5713,'altimgsrc', 'https://homestuck.com/flash/hs2/05710/05710.gif',
5735,'altimgsrc', 'https://homestuck.com/flash/hs2/05732/05732.gif',
5736,'altimgsrc', 'https://homestuck.com/flash/hs2/05733/05733.gif',
5737,'altimgsrc', 'https://homestuck.com/flash/hs2/05734/05734.gif',
5740,'altimgsrc', 'https://homestuck.com/flash/hs2/05737/05737.gif',
6031,'altimgsrc', 'https://homestuck.com/flash/hs2/06028/06028.gif',
6046,'altimgsrc', 'https://homestuck.com/flash/hs2/06043/06043.gif',
6140,'altimgsrc', 'https://homestuck.com/flash/hs2/06137/06137.gif',
6204,'altimgsrc', 'https://homestuck.com/flash/hs2/06201/06201.gif',
6237,'altimgsrc', 'https://homestuck.com/flash/hs2/06234/06234.gif',
6238,'altimgsrc', 'https://homestuck.com/flash/hs2/06235/06235.gif',
6239,'altimgsrc', 'https://homestuck.com/flash/hs2/06236/06236.gif',
6240,'altimgsrc', 'https://homestuck.com/flash/hs2/06237/06237.gif',
7410,'altimgsrc', 'https://homestuck.com/flash/hs2/07407/07407.gif',
7411,'altimgsrc', 'https://homestuck.com/flash/hs2/07408/07408.gif',
7412,'altimgsrc', 'https://homestuck.com/flash/hs2/07409/07409.gif',
7413,'altimgsrc', 'https://homestuck.com/flash/hs2/07410/07410.gif',
7414,'altimgsrc', 'https://homestuck.com/flash/hs2/07411/07411.gif',
7415,'altimgsrc', 'https://homestuck.com/flash/hs2/07412/07412.gif',
7416,'altimgsrc', 'https://homestuck.com/flash/hs2/07413/07413.gif',
7417,'altimgsrc', 'https://homestuck.com/flash/hs2/07414/07414.gif',
7418,'altimgsrc', 'https://homestuck.com/flash/hs2/07415/07415.gif',
7419,'altimgsrc', 'https://homestuck.com/flash/hs2/07416/07416.gif',
7420,'altimgsrc', 'https://homestuck.com/flash/hs2/07417/07417.gif',
7421,'altimgsrc', 'https://homestuck.com/flash/hs2/07418/07418.gif',
7422,'altimgsrc', 'https://homestuck.com/flash/hs2/07419/07419.gif',
7423,'altimgsrc', 'https://homestuck.com/flash/hs2/07420/07420.gif',
7424,'altimgsrc', 'https://homestuck.com/flash/hs2/07421/07421.gif',
7425,'altimgsrc', 'https://homestuck.com/flash/hs2/07422/07422.gif',
7426,'altimgsrc', 'https://homestuck.com/flash/hs2/07423/07423.gif',
7427,'altimgsrc', 'https://homestuck.com/flash/hs2/07424/07424.gif',
7428,'altimgsrc', 'https://homestuck.com/flash/hs2/07425/07425.gif',
7429,'altimgsrc', 'https://homestuck.com/flash/hs2/07426/07426.gif',
7430,'altimgsrc', 'https://homestuck.com/flash/hs2/07427/07427.gif',
7431,'altimgsrc', 'https://homestuck.com/flash/hs2/07428/07428.gif',
7432,'altimgsrc', 'https://homestuck.com/flash/hs2/07429/07429.gif',
7433,'altimgsrc', 'https://homestuck.com/flash/hs2/07430/07430.gif',
7434,'altimgsrc', 'https://homestuck.com/flash/hs2/07431/07431.gif',
7435,'altimgsrc', 'https://homestuck.com/flash/hs2/07432/07432.gif',
7436,'altimgsrc', 'https://homestuck.com/flash/hs2/07433/07433.gif',
7437,'altimgsrc', 'https://homestuck.com/flash/hs2/07434/07434.gif',
7438,'altimgsrc', 'https://homestuck.com/flash/hs2/07435/07435.gif',
7439,'altimgsrc', 'https://homestuck.com/flash/hs2/07436/07436.gif',
7440,'altimgsrc', 'https://homestuck.com/flash/hs2/07437/07437.gif',
7441,'altimgsrc', 'https://homestuck.com/flash/hs2/07438/07438.gif',
7442,'altimgsrc', 'https://homestuck.com/flash/hs2/07439/07439.gif',
7443,'altimgsrc', 'https://homestuck.com/flash/hs2/07440/07440.gif',
7444,'altimgsrc', 'https://homestuck.com/flash/hs2/07441/07441.gif',
7445,'altimgsrc', 'https://homestuck.com/flash/hs2/07442/07442.gif',
