p, vizFlashContentWrapper ,id
444,'youtubeid', '1f-_ZCIxnkA',
644,'youtubeid', '7zDBDuypv4g',
651,'youtubeid', 'oJC98VZArqU',
665,'youtubeid', 'f4z5KmhrIww',
721,'youtubeid', 'cTzCVEw6JZs',
755,'youtubeid', 'UGPIb5hKYtQ',
757,'youtubeid', 'WN9Ocl4hmyk',
822,'youtubeid', '-0Qhllcg-p0',
825,'youtubeid', 'bIDR9vRkHpg',
833,'youtubeid', '4KoIBAMCSK8',
836,'youtubeid', 'CgrMgKNeZQQ',
843,'youtubeid', '_bjH0lPOMgE',
871,'youtubeid', '0GCfeW_RCPI',
948,'youtubeid', '8QoyTn4U7qo',
979,'youtubeid', '_qn23S7QSbQ',
980,'youtubeid', 'qPbAznKR_rY',
1026,'youtubeid', 'PTtZ4dEQgDs',
1070,'youtubeid', 'B8BT3UMUQtk',
1073,'youtubeid', 'duHL0MvtcXM',
1149,'youtubeid', 'y-5sb55rAPs',
1154,'youtubeid', 'eX1A5TmE2bU',
1267,'youtubeid', 'PdQ42zWF9h4',
1407,'youtubeid', 'OPYXrFQclg0',
1641,'youtubeid', 'SkXJeGMUg1U',
1656,'youtubeid', 'DpznctyCSHE',
1668,'youtubeid', 'khTMKvbeVk8',
1801,'youtubeid', '6nJXS-z1rC4',
1940,'youtubeid', '8wbznCawCZA',
2578,'youtubeid', '7tn2YVAIdyY',
2626,'youtubeid', 'doybP-bumeg',
2787,'youtubeid', 'a61Gi69C9VY',
2848,'youtubeid', '7xjrc-f8TIU',
2927,'youtubeid', 'PLJ9FvTtoMg',
2988,'youtubeid', 'OMWmL9JZQFc',
3001,'youtubeid', '2TRfBS4vJiI',
3079,'youtubeid', 'wCLyyxYN9GI',
3087,'youtubeid', 'xd00qGbBH6c',
3297,'youtubeid', '8vSW_3VGmOw',
3321,'youtubeid', 'q6WRBZMgtog',
3438,'youtubeid', '1dedXfksqoE',
3520,'youtubeid', '9Gkh_JcxL6A',
3639,'youtubeid', '0TvysoVcw_g',
3679,'youtubeid', 'URB8u3hiUFg',
3695,'youtubeid', 'X1DloKe2jFs',
3696,'youtubeid', '5kvWkBYKhTU',
3714,'youtubeid', 'J_VaMud-j9g',
3717,'youtubeid', 'I4WNsgW3WWA',
3718,'youtubeid', 'BWG4DlrAggw',
3730,'youtubeid', 'V7CnhxhwsK8',
3743,'youtubeid', 'CK0kXATi80g',
3744,'youtubeid', 'jhPgU-NOGNk',
3760,'youtubeid', '7UxgXl5Fzn0',
3952,'youtubeid', 'vpcey7fzrJ0',
4085,'youtubeid', 'MV5e5TlO_18',
4099,'youtubeid', 'ziJmzOTg8ZQ',
4109,'youtubeid', 'BHb_KpVY1mQ',
4111,'youtubeid', '-BJ8m0uwj64',
4113,'youtubeid', 'Vzuu8sb_7D0',
4275,'youtubeid', 'fuOohbBhErY',
4282,'youtubeid', 'w2tVyNucUJ0',
4373,'youtubeid', 'c0khJpWRn6o',
4388,'youtubeid', 'PcTSwKEZgmM',
4390,'youtubeid', 'URTD5MWEzA0',
4485,'youtubeid', '6VkgshftCHE',
4486,'youtubeid', '8GHrxcIZ8kE',
4541,'youtubeid', 'WSfbQWoMjFc',
4572,'youtubeid', 'InbijS4izck',
4617,'youtubeid', 'mRbN-9MFpNM',
4665,'youtubeid', 'VavWYybZnQM',
4815,'youtubeid', 'kSTjhv3-w-U',
4820,'youtubeid', 'zchsb3m6Tdk',
4825,'youtubeid', '60Q0dwQUYL8',
4827,'youtubeid', 'C5o_5FutUYc',
4942,'youtubeid', 'Agh-igvqZFg',
4944,'youtubeid', 'OpWcZ7Xo-DE',
5027,'youtubeid', '2iZS-2_OEmA',
5030,'youtubeid', 'DPt5dFsGz60',
5032,'youtubeid', 'dJeKherZofo',
5238,'youtubeid', 'Yz2Zagprg7A',
5252,'youtubeid', 'KfLwkzvdVr0',
5261,'youtubeid', 'Q9rCbig1tqk',
5368,'youtubeid', 'mVnO_TGKzGg',
5373,'youtubeid', 'kNn5pgT3NFc',
5374,'youtubeid', 'h497gfojBs0',
5375,'youtubeid', 'sB8ITASopHg',
5376,'youtubeid', 'Zt0k9exBF3M',
5377,'youtubeid', 'T4KCPud1pY4',
5427,'youtubeid', 'nZ1VoJp3x-A',
5438,'youtubeid', 'KtMSIY1MI6A',
5440,'youtubeid', 't7zCyT5SNvo',
5471,'youtubeid', 'lQ2bY-V-zvk',
5472,'youtubeid', 'GkBR24z-y0U',
5473,'youtubeid', 'H4mnnZ49uSc',
5474,'youtubeid', '9njbyAXV-sQ',
5485,'youtubeid', 'vfNJXsPKLFc',
5494,'youtubeid', 'J66q46bIBRU',
5512,'youtubeid', '_LY9gD9ZaXQ',
5655,'youtubeid', 'n7o9RY2AdsI',
5711,'youtubeid', 'rOpVX4rZiiU',
5712,'youtubeid', 'zaaryxNjmMk',
5714,'youtubeid', 'Fr3dydHXC1o',
5724,'youtubeid', 'GkRQrDRYDPU',
5726,'youtubeid', 'v4Prsd7LLTg',
5759,'youtubeid', 'lIZuoNy87M4',
5763,'youtubeid', 'VmB_l1Tw_pM',
5764,'youtubeid', 'kZMdtm_oI-Q',
5776,'youtubeid', 'NBXTymIy4E0',
5777,'youtubeid', 'bQrxuZqMRSo',
5787,'youtubeid', 'JLQWabNyLFg',
5981,'youtubeid', 'bPqYHQM-wzk',
5997,'youtubeid', '4slYghjEnU0',
6066,'youtubeid', 'FRFrPJJZKcc',
6073,'youtubeid', 'gTzUyEQElHI',
6231,'youtubeid', 'Aykongelc14',
6552,'youtubeid', 'a-THEiEMT5c',
6901,'youtubeid', 'mNmRGwlw4Q4',
6920,'youtubeid', 'sXaz3dsqnBI',
6943,'youtubeid', 'Pt8l5S0S56w',
7098,'youtubeid', 'sBD0xqTJeEA',
7100,'youtubeid', 'p4iTND0rRF4',
7101,'youtubeid', 'HLDWObQcJro',
7125,'youtubeid', 'A1joZqrdkXo',
7405,'youtubeid', 'r-gA2H6q70A',
7408,'youtubeid', '3OsKzpDHYSE',
7448,'youtubeid', '_T_eksQpWH8',
7449,'youtubeid', 'loJCIEvU6uY',
